Link,Title,Location,Salary,Summary
https://kr.indeed.com/viewjob?jk=180dac6dbe6afaed,[NHN Cloud] 머신러닝 연구 및 개발,,,"C++, Java, Python [머신러닝 서비스 개발] Job... TensorFlow, PyTorch - C++, Java, Python 공통지원자격 - 병역필 혹은 면제로 해외여행에 결격 사유가 없는 자..."
https://kr.indeed.com/viewjob?jk=df228c302c3c8f9b,서버개발자(벡앤드) 정규직,,"연봉 40,000,000원 - 50,000,000원",시스템 개발 [자격요건]• 경력사항: 경력(3년 이상 7년 이하)• 학력사항: 학력무관• 중상급 이상의 Python 또는 JavaScript 언어 활용 가능자• Django 또는 Node.js rest framework에...
https://kr.indeed.com/viewjob?jk=f94102acc758f433,Explainable AI 연구 개발 신입 채용,,,"분야 박사 학력 이상(졸업예정 포함) - 연구에 필요한 필수 기술 능통( Python, R, Mathlap 등 언어의 종류는 무관) [선호 경험/역량... 연구에 필요한 도구 및 언어에 능통 ( Python, R등의 언어 능력과..."
https://kr.indeed.com/viewjob?jk=045c3f7ac2bf61ab,"Lead Software Engineer, Machine Learning (English)",,,"machine learning. Experience coding in C++, C, or Python. Ability to speak and write in English fluently. Preferred..."
https://kr.indeed.com/viewjob?jk=0e8355b57923837c,Analog Verification Engineer,,,"design tool set, Programming / scripting know-how, e.g. Python, skill, makefile or other. programming script. Why Join Us..."
https://kr.indeed.com/viewjob?jk=4d6fa0f1b9726d7c,디지털 미디어 매니저(퍼포먼스&브랜딩) 신입/경력,,,[우대 요건] 1) 마케팅 전공자 2) 영어 커뮤니케이션 가능자 3) Python을 통한 프로그래밍 가능자 4) 구글 및 페이스북 셀프서브 가능자 5) GA 및 써드파티 트래커 활용 가능자 마케팅·광고·홍보·조사>마케팅>온라인마케팅
https://kr.indeed.com/viewjob?jk=d08f13f0dd672196,[TmaxEdu/R&D] 연구 개발자,,,"CSS, JavaScript, TypeScript [Server 개발(사용 언어)] - Java, Python, SQL [Framework(사용 언어)] - React.js, Spring [입사 지원 시 참고 사항..."
https://kr.indeed.com/viewjob?jk=d3a87d29ecd0fdac,NAVER Cloud 사내 플랫폼 운영,,,"Network관련 기초 지식을 보유하고 계신 분 - script ( Python, Html, javascript, Linux shell 중 1개이상... 통신·모바일·게임>웹프로그래머> Python|인터넷·IT·통신·모바일·게임..."
https://kr.indeed.com/viewjob?jk=f4078127b83d2e57,머신러닝/딥러닝 서비스 기획/개발 담당자,,,통신·모바일·게임>빅데이터·AI(인공지능)>머신러닝|인터넷·IT·통신·모바일·게임>응용프로그래머>머신러닝(ML)|인터넷·IT·통신·모바일·게임>응용프로그래머> Python|인터넷·IT·통신·모바일·게임>응용프로그래머>JAVA
https://kr.indeed.com/viewjob?jk=392b3f56af22086d,데이터 시각화 신입 및 경력 컨설턴트,,,"분 우대)관련 동아리 활동 경험 우대SQL 및 데이터베이스 관련 경험데이터 전처리 및 모델링 경험R, Python, REST API 등 프로그래밍 경험 우대 [근무시간 및 형태] 주 5일 근무 (오전) 9시 30분~(오후..."
https://kr.indeed.com/viewjob?jk=f8691758f74c5242,Support Engineer- Developer,,,"developing with Chatbot, Linux, Apache, Java, Node, Python, PHP, or Ruby - Knowledge and experiences of cloud services (Azure..."
https://kr.indeed.com/viewjob?jk=ddb4285e5876ab62,국제경제/원자재 시장분석 애널리스트,,,"신소재/재료공학, 화공학 전공자프로그래밍 언어, 통계, 분석 프로그램 활용 가능자데이터 이해/가공 위해 Python 등 다양한 S/W 활용 가능자 0 명 근무조건 고용형태: 정규직(수습기간3개월)근무부서: 물가분석팀급여조건..."
https://kr.indeed.com/viewjob?jk=7c306ad9089e5948,[대기업] 클라우드 서비스 솔루션 개발,,,C++|인터넷·IT·통신·모바일·게임>응용프로그래머>클라우드|인터넷·IT·통신·모바일·게임>응용프로그래머> Python|인터넷·IT·통신·모바일·게임>데이터베이스·DBA>데이터베이스개발자|인터넷·IT·통신·모바일·게임>데이터베...
https://kr.indeed.com/viewjob?jk=25c28b09ebe4ed0f,11번가 클라우드 엔지니어,,,"Kubenetes, Python담당 직무11번가 Infra 조직은 현재... Kubernetes 및 Docker을 이용한 시스템 구축 경험이 있으신 분 Python, Shell, Java 등의 언어를 사용하여 운영 관리 도구를..."
https://kr.indeed.com/viewjob?jk=8c8c96a3ffac77f8,데이터 엔지니어 경력 정규직,,"연봉 60,000,000원 - 70,000,000원","Redshift, Snowflake 등) 설계, 개발, 운영 경험• Python/R/dbt, Kafka/Airflow 등을 사용하여 데이터 전처리를... 게임>빅데이터·AI(인공지능)> Python|인터넷·IT·통신·모바일·게임..."
https://kr.indeed.com/viewjob?jk=2f56d4b70c1df086,하반기 인턴직 모집,,,"지니어 (IT 인프라 관리/운영) 서버, 네트워크 Bash, Java, Python ① 학력 : 초대졸 이상 (2020년 2월 이후 졸업/졸업예정... JavaScript, VC++, Python) 한솔 PNS IT 부문..."
https://kr.indeed.com/viewjob?jk=531dd22fe47e7b4e,[펜타시큐리티] 보안S/W 개발자 (웹/인증/DB/클라우드/신기술),,,인터넷·IT·통신·모바일·게임>웹프로그래머>JAVA|인터넷·IT·통신·모바일·게임>웹프로그래머> Python|인터넷·IT·통신·모바일·게임>응용프로그래머>C·C++|인터넷·IT·통신·모바일·게임>응용프로그래머>JAVA|인터넷...
https://kr.indeed.com/viewjob?jk=c35e9b72a11aa338,[신입/경력] 의료영상/음성인식/생체신호 연구원,,,게임>빅데이터·AI(인공지능)>인공지능(AI)|인터넷·IT·통신·모바일·게임>빅데이터·AI(인공지능)>딥러닝|인터넷·IT·통신·모바일·게임>응용프로그래머>C·C++|인터넷·IT·통신·모바일·게임>응용프로그래머> Python
https://kr.indeed.com/viewjob?jk=7554e5017bef968e,"[대형증권사] LP/MM 시스템 개발 및 운영,유지보수",,,레이딩 시스템에 대한 이해 및 열정 보유 <우대사항>C++/JAVA/ Python 프로그래밍 가능 0 명 근무조건 고용형태: 정규직급여조건: 연봉 협의... 통신·모바일·게임>웹프로그래머> Python|인터넷·IT·통신·모바일·게임...
https://kr.indeed.com/viewjob?jk=baa14667578c611b,11번가 데이터 아키텍처/데이터 엔지니어 분야,,,"MYSQL, ERD, 표준화 관리 Python, Kafka, MongoDB... 능숙하신 분개발자/기획자 인터뷰를 통한 설계 및 데이터 개발 가능자 Python, Java 를 통한 데이터 처리와 Batch Program 개발우대..."
https://kr.indeed.com/viewjob?jk=96bd7d911527eeee,"Technical Lead Manager, TensorFlow Extended",,,"Experience programming in one... following: Java, C++, Python, or C Preferred qualifications: Experience in product..."
https://kr.indeed.com/viewjob?jk=2a494e5becfb158a,[Creative] IT/System Engineer (5년 이상),,,제작하고 있습니다. 우리 팀과 함께할 미션을 소개합니다. C++ / python 을 이용한 파이프라인 툴 개발 및 개선 TA 및 게임개발 엔지니어와... 통신·모바일·게임>응용프로그래머> Python|인터넷·IT·통신·모바일·게임...
https://kr.indeed.com/viewjob?jk=f9828c4a40c911fe,전자부품 신입/경력사원 수시,,,"Wi-Fi/BLE, ZigBee, LoRa 프로토콜 개발 및 디버깅 [경험/역량] - C/C++(필수), Python - 개발 경험(Field 이슈 해결 경험 보유 시 우대) · WiFi/BLE 등 Connectivity..."
https://kr.indeed.com/viewjob?jk=40de6a4b81f8724f,[전문연구요원 신규편입/전직] 의료영상/음성인식/생체신호 연구원,,,인공지능)>텍스트마이닝|인터넷·IT·통신·모바일·게임>빅데이터·AI(인공지능)>인공지능(AI)|인터넷·IT·통신·모바일·게임>빅데이터·AI(인공지능)> Python|인터넷·IT·통신·모바일·게임>빅데이터·AI(인공지능)>딥러닝
https://kr.indeed.com/viewjob?jk=3c1c5dc51d08cf18,Web / Spring Framework 개발자,,,게임>웹프로그래머>JAVA|인터넷·IT·통신·모바일·게임>웹프로그래머> Python|인터넷·IT·통신·모바일·게임>웹프로그래머>ASP|인터넷·IT·통신... 통신·모바일·게임>응용프로그래머> Python|인터넷·IT·통신·모바일·게임...
https://kr.indeed.com/viewjob?jk=71c47ac87bb4087e,기술 인턴 인공지능 응용 연구/개발 인턴,,,"6개월) (협의) *모집 절차: 서류 à인터뷰(오프라인) *지원 자격: 프로그래밍 언어 활용 능력: Python, C, C++ 중 1가지 이상 데이터구조, 알고리즘 과목 이수 머신러닝과 딥러닝의 기본 개념 이해 머신러닝..."
https://kr.indeed.com/viewjob?jk=54caf3a3d845ffa3,[DI팀] 기계학습 Engineer (개인화 및 추천),,,용프로그래머> Python|인터넷·IT·통신·모바일·게임>응용프로그래머>JAVA|인터넷·IT·통신·모바일·게임>응용프로그래머>머신러닝(ML)|인터넷·IT·통신·모바일·게임>빅데이터·AI(인공지능)> Python|인터넷·IT·통신...
https://kr.indeed.com/viewjob?jk=4a5738febf355646,"[한국축산데이터] 백엔드 개발자, 프론트엔드 개발자, 엔지니어, AI연구원 (신입/경력)",,,개발자 (Spring)백엔드 개발자( Python)백엔드 개발자(NestJS... 당업무]- 농장 전산 관리 프로덕트 (팜스플랜 매니저) 백엔드 개발 ( Python)[담당업무]- 가축 헬스케어 프로덕트 (팜스플랜) 백엔드 개발 인터...
https://kr.indeed.com/viewjob?jk=4ae5eb5bb613a826,[클라우드플랫폼실] System Engineering팀 클라우드 엔지니어,,,라우드|인터넷·IT·통신·모바일·게임>응용프로그래머>Linux|인터넷·IT·통신·모바일·게임>응용프로그래머> Python|인터넷·IT·통신·모바일·게임>통신·모바일>플랫폼(VM)|인터넷·IT·통신·모바일·게임>ERP·시스템분석...
https://kr.indeed.com/viewjob?jk=e3f3b7e2103d9bc7,"웹개발, 백엔드 외 신입/경력 정규직",,"연봉 40,000,000원 - 50,000,000원",로그래머>웹개발|인터넷·IT·통신·모바일·게임>웹프로그래머>백엔드|인터넷·IT·통신·모바일·게임>웹프로그래머>프론트엔드|인터넷·IT·통신·모바일·게임>웹프로그래머> Python|인터넷·IT·통신·모바일·게임>웹프로그래머>PHP
https://kr.indeed.com/viewjob?jk=39d930f25b6d9e8e,AI Scientist (NL Reasoning),,,"taxonomies, and semantic networks * Knowledge of Python, Lisp, or another scripting language * Expertise in general..."
https://kr.indeed.com/viewjob?jk=6328149f549ead92,"[신입,경력] 영상 인식 알고리즘 개발자",,,"1) 주요 업무 분야 : 머신 비젼, 영상 처리, 딥러닝 알고리즘 2) 사용 언어 : C, C++, Python 3) TensorFlow, Deep Learning 관련 지식 보유자 우대 4) Vision, Image..."
https://kr.indeed.com/viewjob?jk=8e53a83882340b05,"[Consumer Health] Associate Manager, eCommerce Data Analytic...",,,intelligence methods and techniques - Proficiency in Python/R... knowledge of database query and data manipulation...
https://kr.indeed.com/viewjob?jk=c49c1ecc85c4d960,C++ Developer for High Performance Cloud Database,,,"C++ Experience in multi-thread programming Experience in SQL, Python, Git Experienced... development on Linux environment..."
https://kr.indeed.com/viewjob?jk=8e60094702b4fe05,웹시스템 및 솔루션 분야 프로그래머 및 웹퍼블리셔,,,"년 이하)학력사항: 대학(2,3년)졸업 이상직무기술: 웹프로그래밍, 웹개발, 자바, JQUERY, AJAX, PYTHON, 리눅스, SPRING, JAVASCRIPT, MYSQL, MYBATIS, 응용프로그래밍, 응용프로그램..."
https://kr.indeed.com/viewjob?jk=3617e30a1af44426,[NHN SOFT] Back-End 경력 개발자,,,통신·모바일·게임>웹프로그래머> Python|인터넷·IT·통신·모바일·게임... 로그래머>증강현실(AR)|인터넷·IT·통신·모바일·게임>응용프로그래머> Python|인터넷·IT·통신·모바일·게임>응용프로그래머>머신러닝(ML)|인터넷...
https://kr.indeed.com/viewjob?jk=49f11dfd7627efa4,Data Analyst,,,"가지신 분 Business Intelligence 시스템 및 비즈니스 리포팅 툴의 활용 능력 프로그래밍 언어( Python/R, etc)를 활용하여 데이터 분석이 가능하신 분 더 나은 데이터 기반 서비스를 만들기 위해 동료들과..."
https://kr.indeed.com/viewjob?jk=9cc9f8d6f06c4b8b,응용소프트웨어 설계 및 개발(Python)_포항,,"월급 2,500,000원",직무내용] 자동화 시스템 설계 및 개발 [근무시간 및 형태] 주 5일 근무 09:00~18:00 주소정근로시간 : 40시간 [급여조건] - 월급 2500000원 이상 - 상여금 : 400% (미 포함) - 면접 후 결정 가능...
https://kr.indeed.com/viewjob?jk=358f413532f53323,[국비무료]2022년도 상반기 교육 훈련생,,,통신·모바일·게임>빅데이터·AI(인공지능)>데이터분석|인터넷·IT·통신·모바일·게임>빅데이터·AI(인공지능)> Python|인터넷·IT·통신·모바일·게임>빅데이터·AI(인공지능)>머신러닝|인터넷·IT·통신·모바일·게임>빅데이터...
https://kr.indeed.com/viewjob?jk=3bb02c9776a47dd7,"솔루션 기반 프로그래머(java, c#, python)",,"연봉 26,000,000원 - 28,000,000원","업무- 개발자 역할로 프로젝트 수행- BIOVIA 솔루션 관련 교육을 통해 기능 숙지 및 java, C#, Python 등을 사용하여 개발업무 분담 [근무시간 및 형태] 주 5일 근무 (오전) 9시 00분~(오후) 6시 00..."
https://kr.indeed.com/viewjob?jk=6b00c6aff3cfeca6,Software Engineer (소프트웨어 개발자),,,"skill (C++, C#, Python etc.) 3. Build CI... 선호) 2. 소프트웨어 코딩 스킬 (프로그램: C++, C#, Python etc.) 3. CI/CD Pipeline 구축 경험자 4. 소프트웨..."
https://kr.indeed.com/viewjob?jk=61a8871a048f4dcf,DT운영팀 경력직,,,"시각화 -공공 데이터 연계 및 활용 서비스 개발이런 분을 찾습니다.자격요건-학력 : 대졸이상-프로그래밍 개발( Python, Java) 경험 5년 이상-Database, SQL 중급 이상 이해도-AWS, Hadoop 등 DT..."
https://kr.indeed.com/viewjob?jk=f1d5989245c8a320,Korea - Member Growth Insights Manager,,,"preferably competent with statistical packages... R, Python, SPSS, SAS, etc., as well as experience with statistical..."
https://kr.indeed.com/viewjob?jk=4022f49bc50ef230,[보안] 네트워크/시스템 보안 관리,,,"경의 시스템 보안 관리 경험 - 정보통신망법, 개인정보보호법, 전자금융감독규정 등 컴플라이언스의 이해 - Python, Script Language 활용 능력 공통지원자격 - 병역필 혹은 면제로 해외여행에 결격 사유가..."
https://kr.indeed.com/viewjob?jk=cf6eec845950e28b,[TmaxAI/R&D] NLP(자연어/문서/음성)부문 개발자,,,"DB 개발 경험이 있으신 분 [음성, 자연어처리] -관련 분야의 연구 경험 / 기본 지식 보유자 -기본적인 Python 프로그래밍이 가능하신 분 우대사항 [리더급] -전반적으로 인공지능 자연어/문서처리 기술에 대한 이해가..."
https://kr.indeed.com/viewjob?jk=ec5c7ccd76639120,[외국계 스타트업 미소] Data Analyst,,,통신·모바일·게임>빅데이터·AI(인공지능)>데이터분석|인터넷·IT·통신·모바일·게임>빅데이터·AI(인공지능)> Python|인터넷·IT·통신·모바일·게임>데이터베이스·DBA>MySQL|인터넷·IT·통신·모바일·게임>데이터베이스...
https://kr.indeed.com/viewjob?jk=808bedd4be53fe5d,기계학습 기반 언어이해기술 개발자,,,"역량, JAVA/ Python 개발 가능자격 요건 인터넷·IT·통신·모바일·게임>응용프로그래머>C·C++|인터넷·IT·통신·모바일·게임>응용프로그래머>JAVA|인터넷·IT·통신·모바일·게임>응용프로그래머> Python|인터넷..."
https://kr.indeed.com/viewjob?jk=825b019ff2840218,취업포털본부 디자인팀 경력직,,,로그래머>백엔드|인터넷·IT·통신·모바일·게임>웹프로그래머>프론트엔드|인터넷·IT·통신·모바일·게임>웹프로그래머> Python|인터넷·IT·통신·모바일·게임>웹프로그래머>ASP.NET|인터넷·IT·통신·모바일·게임>웹프로그래머...
https://kr.indeed.com/viewjob?jk=89d62c274e24c27b,2022년 3월 경력사원 (제조지능화),,,"활용(R, Python 등) 우대사항 -분석 전문가, Data scientist -ADsP, ADP or 빅데이터 기사 -AI 관련 업무 경험 주요수행업무 -자동보정/고장예지(PHM) 솔루션 개발 - Python/R 활용..."
https://kr.indeed.com/viewjob?jk=a364f937ff9aa591,Advanced Support Engineer / Database & Cloud,,,"Open Source Software like Docker, Python, Kubernetes, Ansible, Jenkins, Corosync... Kubernetes - Python Detailed..."
https://kr.indeed.com/viewjob?jk=f862c821b0734933,[NAVER Cloud] Media 서비스 개발,,,"다양한 개발 경험 또는 Go, Python, C/C++등을 이용한 플랫폼... 가능하신 분 - Java, Kotlin, Golang, C, C++, Python, node.js, typescript 등으로 작성된 코드 및 프레임..."
https://kr.indeed.com/viewjob?jk=6bdb3ae5f5c8c0bd,AI Agent 서비스 Data 분석 개발자,,,"분석 경험Java & Spring Framework 기반 서비스 개발 경험ML/DL 기반 모델 개발 경험 Python, R, Presto, SQL(고급) 기반의 분석 역량신규 Data, 인터넷·IT·통신·모바일·게임>빅데이터..."
https://kr.indeed.com/viewjob?jk=e30fe92d72ceb17c,"자율 주행, 로봇 SW 개발자",,,"(주)에바 모집부문 및 자격요건 모집부문 담당업무 자격요건 인원 자율주행 SW 엔지니어 Python응용SW [담당업무]ROS 개발, 로봇 주행 알고리즘 개발, SW Optimization[근무부서 및 직급/직책]근무부서: 개발팀..."
https://kr.indeed.com/viewjob?jk=23c6fc391cb50def,Data Engineer (Analytics),,,모바일·게임>ERP·시스템분석·설계>데이터분석|인터넷·IT·통신·모바일·게임>응용프로그래머>머신러닝(ML)|인터넷·IT·통신·모바일·게임>응용프로그래머> Python|인터넷·IT·통신·모바일·게임>데이터베이스·DBA>SQL
https://kr.indeed.com/viewjob?jk=e29bd57c416ee579,인재 Pool 등록,,,"5년 이상 (IT기획, 프로젝트 PM/PL, 개발경력 등) - 자격 : 컴퓨터 언어 활용능력 보유 (JAVA, PYTHON) : 데이터베이스(RDBMS) 활용능력 보유 - 우대사항 : IT 예산(HW,SW,인건비) 수립 경험..."
https://kr.indeed.com/viewjob?jk=0f1a42c235df87db,"Customer Engineer, Corporate, Google Cloud",,,"scripting/programming languages: Java, Go, Kotlin, C#, Python, Perl... Shell Scripting. Ability to rapidly prototype..."
https://kr.indeed.com/viewjob?jk=30e17a7d8ce9d4d4,Software Engineer,,,"writing optimal code... least one stack (Java, Go, Ruby, Python) Ability to work collaboratively and cross-functionally..."
https://kr.indeed.com/viewjob?jk=b515669e8032265b,[kt ds] 2022년 각 부문별 경력사원 수시,,,JAVA|인터넷·IT·통신·모바일·게임>응용프로그래머>C·C++|인터넷·IT·통신·모바일·게임>응용프로그래머> Python|인터넷·IT·통신·모바일·게임>응용프로그래머>자바스크립트|인터넷·IT·통신·모바일·게임>응용프로그래머...
https://kr.indeed.com/viewjob?jk=3544467a7b64376f,[전문연구요원] 의료영상 리서치 엔지니어 정규직,,,"학력무관직무기술: VISUALC++, 응용프로그래밍, C·C++, Python, AI개발 2 명 근무조건 고용형태: 정규직(수습기간3개월)근무부서... 머신러닝(ML)|인터넷·IT·통신·모바일·게임>응용프로그래머> Python"
https://kr.indeed.com/viewjob?jk=0399dadecd8188b8,4. 인프라개발팀 백엔드 개발자,,,인터넷·IT·통신·모바일·게임>웹프로그래머> Python|인터넷·IT·통신·모바일·게임>ERP·시스템분석·설계>AWS|인터넷·IT·통신·모바일·게임>응용프로그래머> Python|인터넷·IT·통신·모바일·게임>응용프로그래머...
https://kr.indeed.com/viewjob?jk=2642a83874ea6bab,"영상처리, 컴퓨터 비전 전문가 (신입/경력)",,"연봉 30,000,000원 - 35,000,000원","인원 [담당업무] Python, C++, MFC, C를 이용하여 - OpenCV 로 Visual SLAM 개발- MFC, Python을 이용하여 GUI... 통신·모바일·게임>응용프로그래머> Python|인터넷·IT·통신·모바일·게임..."
https://kr.indeed.com/viewjob?jk=22ffe020e40de675,[포티투마루] 인공지능(AI) 개발자 전 부문,,,인터넷·IT·통신·모바일·게임>빅데이터·AI(인공지능)> Python|인터넷·IT·통신·모바일·게임>빅데이터·AI(인공지능)>머신러닝|인터넷·IT·통신·모바일·게임>빅데이터·AI(인공지능)>딥러닝|인터넷·IT·통신·모바일·게임...
https://kr.indeed.com/viewjob?jk=e8004f38042e7d44,NAVER Cloud 사내 플랫폼 운영,,,"Network관련 기초 지식을 보유하고 계신 분 - script ( Python, Html, javascript, Linux shell 중 1개이상... WEB/WAS, DB운영 경험 - Python, JAVA 중 하나의 프로그..."
https://kr.indeed.com/viewjob?jk=3d8eca82fbef0b3f,[에코마케팅] 데이터스페셜리스트 (데이터분석) 신입,,"연봉 40,000,000원 - 50,000,000원",통신·모바일·게임>데이터베이스·DBA>데이터마이닝|인터넷·IT·통신·모바일·게임>빅데이터·AI(인공지능)> Python|인터넷·IT·통신·모바일·게임>빅데이터·AI(인공지능)>데이터분석|인터넷·IT·통신·모바일·게임>웹기획...
https://kr.indeed.com/viewjob?jk=69a5690f8a4ca470,Software Engineer (소프트웨어 개발자),,,"대졸 이상2. C/C++, C#, Python 등의 언어로 소프트웨어 개발... 용프로그래머>C·C++|인터넷·IT·통신·모바일·게임>응용프로그래머> Python|인터넷·IT·통신·모바일·게임>전산·IT기술지원>S/W 엔지니어|인터..."
https://kr.indeed.com/viewjob?jk=556725095040cbba,웹개발 신입 정규직,,"연봉 30,000,000원 - 35,000,000원","(주)플레이쓰리에스 모집부문 및 자격요건 담당업무 자격요건 인원 web platform 개발 및 운영 - python - mysql , api 등 [자격요건]학력사항: 학력무관 1 명 근무조건 급여조건: 협의주 5일 , 09..."
https://kr.indeed.com/viewjob?jk=340fa2d2204cf879,"Cloud AI Engineer, Professional Services",,,"Experience writing software in one or more languages... Python, Scala, R... similar. Experience building machine..."
https://kr.indeed.com/viewjob?jk=a496eb791c052ca8,연구 개발 프로그래머 (키메이커팀),,,이터·AI(인공지능)> Python|인터넷·IT·통신·모바일·게임>응용프로그래머>가상현실(VR)|인터넷·IT·통신·모바일·게임>응용프로그래머>C·C++|인터넷·IT·통신·모바일·게임>응용프로그래머> Python|인터넷·IT·통신...
https://kr.indeed.com/viewjob?jk=a80570f1dd7b4b71,[nasmedia] 2022년 nasmedia 연계형 인턴 (상반기),,,운영|인터넷·IT·통신·모바일·게임>웹기획·웹마케팅·PM>웹서비스기획|인터넷·IT·통신·모바일·게임>응용프로그래머> Python|인터넷·IT·통신·모바일·게임>응용프로그래머>JAVA|인터넷·IT·통신·모바일·게임>응용프로그래머...
https://kr.indeed.com/viewjob?jk=53fbfe54f327d9dc,AI Software Engineer,,,"TensorFlow 5+ years of programming experience in Python, C/C++ and MATLAB Experience working with other developers using Git..."
https://kr.indeed.com/viewjob?jk=6d86e9f32d31c84f,Data 분야 경력,,,"해가 뛰어난 자 - R, Python, SAS, SQL 등 활용 역량 우대사항(해당 내용 중 1개 이상) - ML/DL 경험 인력 우대 - 관련 분야 석사 이상 학위 소지자 우대 - R, Python등 데이터분석 모델링 경험..."
https://kr.indeed.com/viewjob?jk=b6f149c5d6b60323,"Analyst - Environmental, Social and Governance (12 months co...",,,"ESG) Experience and training in data analytics tools like Python, Alteryx, Tableau, Excel or other analytical platforms..."
https://kr.indeed.com/viewjob?jk=444bd32c9e95004a,[대형증권사] IT퀀트 개발자,,,"로세스에 대한 이해학력사항: 대학교(4년)졸업 - 이공계 전공, C#, Python,JavaScript,SQL 사용 가능 우대 0 명 근무조건 고용형태... 통신·모바일·게임>웹프로그래머> Python|인터넷·IT·통신·모바일·게임..."
https://kr.indeed.com/viewjob?jk=7585ef1908280606,데이터표준화 부문 경력,,,"관리 2. 자격 요건 1) 필수 · Hadoop 데이터 플랫폼 사용 경험 · SQL, Spark(Scala, Python)등 데이터 처리 언어 1종 이상 숙련 · 대규모 트래픽 서비스, 대용량 배치처리 시스템의 Backend..."
https://kr.indeed.com/viewjob?jk=34d49641791b538a,"[연구소] 신입 개발자 (python/java, 웹개발 등)",,,"연구소] 신입 개발자 모집합니다( python/java, 웹개발 등) 모집부... 바일·게임>웹프로그래머>백엔드|인터넷·IT·통신·모바일·게임>웹프로그래머> Python|인터넷·IT·통신·모바일·게임>통신·모바일>스마트폰 어플리케이션(App)"
https://kr.indeed.com/viewjob?jk=ef98c82fd130b9e1,[AI] 연구 개발,,,"관련 배경지식 보유자 - Python, C, C++ 개발 경험... 개발 경력 2년 이상 - 머신러닝 프로젝트 또는 백그라운드 보유 - Python, C, C++ 개발 경험 - Pytorch, Tensorflow..."
https://kr.indeed.com/viewjob?jk=4a0a7b36dbc554f9,Quantitative Research Intern,,,languages (C++ and Python preferred) Able... 예정자 우수한 학업 성적 프로그래밍 언어에 익숙한 분 (C++ 및 Python 선호) 영어로 의사소통이 가능하신 분 글로벌 금융 시장에 대해 배우려는...
https://kr.indeed.com/viewjob?jk=f6a0cd3f6af36d15,"백엔드, Python 외 경력 정규직",,,개발 경력 5년 이상 또는 Python 개발 경력 1년 이상- React... 게임>웹프로그래머>백엔드|인터넷·IT·통신·모바일·게임>웹프로그래머> Python|인터넷·IT·통신·모바일·게임>웹프로그래머>웹개발|인터넷·IT·통신...
https://kr.indeed.com/viewjob?jk=87309d3ff40ead61,딥러닝 AI 개발 연구원,,,시스템프로그래머>임베디드(Embedded)|인터넷·IT·통신·모바일·게임>응용프로그래머>C·C++|인터넷·IT·통신·모바일·게임>응용프로그래머>Linux|인터넷·IT·통신·모바일·게임>빅데이터·AI(인공지능)> Python
https://kr.indeed.com/viewjob?jk=ee7bb27407e339bc,AI엔지니어(음성 AI 데이터 처리 개발) 담당자 모집,,,"위한 음성 특징에 대한 지식 - 가창의 피칭 및 운율 구분을 위한 오픈소스 프레임워크(praat, python 등) 경험 우대조건 - 사운드 엔지니어링 전공 - AI 전용 데이터 녹음 및 후처리 경험 - 딥러닝..."
https://kr.indeed.com/viewjob?jk=fc09bd46b913c048,[NHN Cloud] 시스템 엔지니어링,,,"운영 경험 보유 - 쉘 스크립트 또는 프로그래밍 개발 스킬 보유 * Bash, PowerShell, Python, JAVA, etc * 운영 자동화/효율화 경험 보유 - 대용량 트래픽 처리를 위한 인프라 설계와 구축..."
https://kr.indeed.com/viewjob?jk=a27cd33cb789697d,[NHN] HR,,,"꼼꼼하고 책임감 강한 분 - 일에 대한 열정이 있는 분 - 데이터 분석에 대한 지식이 있는 분 ( Python, R 등) * 신입사원의 경우 전형상 별도심사가 진행될 수 있으며, 정규직 전환형 인턴사원으로 입사하게..."
https://kr.indeed.com/viewjob?jk=b02ac4c4261e0dd7,"Technical Solutions Manager, gTech Customer Experience",,,"one or more... following languages: Java, C++, or Python. Ability to speak and write in English and Korean fluently..."
https://kr.indeed.com/viewjob?jk=053378a070533ffc,DBA,,,"경험이 있으신 분 MySQL 모니터링 및 트러블 슈팅 경험이 있으신 분 스크립트 언어 사용이 가능하신 분 ( Python, Shell 등) [우대요건] Kubernetes 환경 경험이 있으신 분 부하테스트를 즐겨하시는 분 긍정..."
https://kr.indeed.com/viewjob?jk=68abc941e34e2394,Data Scientist,,,모바일·게임>빅데이터·AI(인공지능)>데이터분석|인터넷·IT·통신·모바일·게임>응용프로그래머>머신러닝(ML)|인터넷·IT·통신·모바일·게임>응용프로그래머> Python|인터넷·IT·통신·모바일·게임>데이터베이스·DBA>SQL
https://kr.indeed.com/viewjob?jk=f8bfec7bfbdffd0a,애플리케이션 개발자&컨설턴트 정규직,,"연봉 25,000,000원 - 30,000,000원","Platform 컨설팅> JAVA/ Python/JScript 등의 개발... 경력(연차무관)학력사항: 대학(2,3년)졸업 이상직무기술: java, Python, javascript기타: > Basic SQL, HTML, CSS..."
https://kr.indeed.com/viewjob?jk=f7cfe0cad1c284d0,ML Engineer,,,게임>빅데이터·AI(인공지능)>머신러닝|인터넷·IT·통신·모바일·게임>빅데이터·AI(인공지능)> Python|인터넷·IT·통신·모바일·게임>응용프로그래머>머신러닝(ML)|인터넷·IT·통신·모바일·게임>응용프로그래머> Python
https://kr.indeed.com/viewjob?jk=a692f83229bd339f,Datacenter Engineer,,,"Base Operating System Install • Some experience with Perl, Python, Bash or Java • Core OS Services: ssh, telnet, ftp, nfs..."
https://kr.indeed.com/viewjob?jk=33b9259fb2f35050,UX Researcher - NPE Korea,,,"early stage, zero to one products Experience using SQL/Hive, Python... R Experience with applied statistics Willingness..."
https://kr.indeed.com/viewjob?jk=9cfce6a40920af43,Data Engineer (Analytics Product),,,데이터분석|인터넷·IT·통신·모바일·게임>빅데이터·AI(인공지능)> Python|인터넷·IT·통신·모바일·게임>ERP·시스템분석·설계>빅데이터|인터넷... 로그래머>JAVA|인터넷·IT·통신·모바일·게임>응용프로그래머> Python
https://kr.indeed.com/viewjob?jk=40e051378f3d119f,2022년 3월 경력사원 (공술),,,"데이터 분석을 통한 유효인자 발굴 필수사항 -관련 경험 3년 이상 보유자 우대사항 -외국어, C# 중급이상 - Python 데이터 분석 중급이상, 통계분석 가능자 -지멘스 솔루션 실무 적용 가능 (Tiaportal, SIMIT..."
https://kr.indeed.com/viewjob?jk=d9746dd92adbf277,Software Engineer in Test,,,"few years of professional experience developing in Python or JS, other mobile platforms are plus. You bring significant..."
https://kr.indeed.com/viewjob?jk=aade49a93e474ed7,UX Researcher (정량/포트폴리오 없는 전형),,,니터링|인터넷·IT·통신·모바일·게임>데이터베이스·DBA>SQL|인터넷·IT·통신·모바일·게임>응용프로그래머> Python|인터넷·IT·통신·모바일·게임>빅데이터·AI(인공지능)>데이터분석|인터넷·IT·통신·모바일·게임>ERP...
https://kr.indeed.com/viewjob?jk=53123195365ac509,Validation Manager (CSS 모형),,,SQL|마케팅·광고·홍보·조사>조사·분석·통계>통계·SAS|인터넷·IT·통신·모바일·게임>응용프로그래머> Python|인터넷·IT·통신·모바일·게임>응용프로그래머>머신러닝(ML)|인터넷·IT·통신·모바일·게임>빅데이터·AI...
https://kr.indeed.com/viewjob?jk=78526735d90a85b9,"Machine Learning - iOS Software Engineer,",,,"computer vision Python libraries... programming skills with proficiency in Python, Flask, iOS Dev tools, and GitHub..."
https://kr.indeed.com/viewjob?jk=35f0a25dee5f3312,딥러닝 알고리즘 및 응용 Engineer,,"연봉 40,000,000원 - 100,000,000원",모바일·게임>빅데이터·AI(인공지능)>인공지능(AI)|인터넷·IT·통신·모바일·게임>빅데이터·AI(인공지능)> Python|인터넷·IT·통신·모바일·게임>빅데이터·AI(인공지능)>머신러닝|인터넷·IT·통신·모바일·게임>빅데이터...
https://kr.indeed.com/viewjob?jk=efb982c660c783ba,백엔드 경력 정규직,,"연봉 30,000,000원 - 35,000,000원",대학교(4년)졸업• 전공계열: 공학계열[다루는 프로그래밍 언어]• Python Django 또는 JAVA Spring[필수조건 (아래 조건 중 최소... 통신·모바일·게임>웹프로그래머> Python|인터넷·IT·통신·모바일·게임...
https://kr.indeed.com/viewjob?jk=112566541738ad42,Software Developer,,,"Experience task automation in scripting languages like shell, Python, JavaScript, TypeScript Boat load of passion & energy..."
https://kr.indeed.com/viewjob?jk=0cd93462ed705152,[LX세미콘] R&D 연계형 석사 신입 인턴십 수시,,,기계·기술·화학·연구개발>연구원·연구개발>반도체·디스플레이|인터넷·IT·통신·모바일·게임>응용프로그래머>C·C++|인터넷·IT·통신·모바일·게임>응용프로그래머> Python|전자·기계·기술·화학·연구개발>전자·반도체>반도체
https://kr.indeed.com/viewjob?jk=f21952a2d7a0bfd8,"[Robotics] Robotics Software Engineer, Navigation",,,"요역량 ㅇ 컴퓨터 공학, 로봇 공학, 전자 공학 등 관련 기술 분야 석사 이상 학위 또는 3년 이상의 경력 ㅇ Python 혹은 C++ 언어의 능숙한 활용 ㅇ ROS/ROS2 혹은 유사한 framework를 활용한 robot..."
https://kr.indeed.com/viewjob?jk=36ab9cd9a32ba451,Kernel Engineer - Ubuntu Linux,,,field Significant programming experience in C... Python and Bash scripting also highly regarded Solid background with git...
https://kr.indeed.com/viewjob?jk=56523d2ce6f8d860,[NHN Cloud] 인프라 서비스 개발,,,우대사항 - NHN Cloud에서 제공하는 다양한 인프라 서비스 개발 - C/C++ 또는 Java/ Python 개발 경력 5년 이상 - Linux 환경 개발자 - Openstack 개발 경험 - Container...
https://kr.indeed.com/viewjob?jk=1bc6c09051f1d591,AI Research Engineer,,,"PyTorch, Caffe, and MxNet - Strong programming skills with Python and C/C++ - Experiences in programming and testing on Linux..."
https://kr.indeed.com/viewjob?jk=3b7dbdf85a326a6d,국내 대기업 - AI 및 딥러닝 관련 경력자,,,"관련 전문 지식 있는 분 - Python 또는 Scala, JAVA 활용... 레임워크 활용 역량 좋은 분- 자연어처리 관련 전문 지식 있는 분- Python 또는 Scala, JAVA 활용 역량- 미디어/커머스/전자/IT 업계..."
https://kr.indeed.com/viewjob?jk=229eb9cfd32480ed,A.I.개발자,,,"서비스 모델 IOT 플랫폼에 적용✔️ 필요 역량입니다.- 관련 경력 3 ~ 10년 이하 이신 분- python 언어를 통한 분석 가능하신 분- 리눅스 기반 개발 가능하신 분- 다양한 직군과의 커뮤니케이션, 다양한 상황에 대한..."
https://kr.indeed.com/viewjob?jk=62b834a462370094,Developer - Cloud Infrastructure,,,Your tasks will include developing a python based scalable job execution platform... development with Python Experience...
https://kr.indeed.com/viewjob?jk=14d562d10c215572,"PHP, Python 신입/경력 정규직",,,"주식회사 비즈부스터 PHP, Python 개발자 채용 모집부문 및 자격요건 담당업무 자격요건 인원 [담당업무]*당사의 서비스(비즈탑) 솔루션 및 서비... 프로그래머>PHP |인터넷·IT·통신·모바일·게임>웹프로그래머> Python"
https://kr.indeed.com/viewjob?jk=918468d6e12a17e8,[NHN Cloud] 네트워크 엔지니어링,,,"관리 도구 개발/운영 - 관련학과 졸업 후, 경력 3년 이상 - 리눅스 환경 개발 경력 2년 이상 - Python, Django, Javascript 관련 개발 경험 - CCNA 또는 JNCIA 이상의 자격증 보유..."
https://kr.indeed.com/viewjob?jk=f6a00297e0429eca,2022년 3월 경력사원 (품질),,,"자동화 검증 환경 구축 경험 - Python을 이용한 Big Data 분석... Minitab, SPSS, SAS 등) or 프로그래밍 언어(R, Python, Visual Basic 등)에 대한 경험자 -6σ MBB, CRE..."
https://kr.indeed.com/viewjob?jk=c2906ecf6ae66739,WebRTC UC & Collaboration Frontend & Backend Developer,,,"js, React-native, Python Preferred domain... 언어: Node.js, React.js, React-native, Python 선호 기술 분야: 퍼블릭 클라우드 데브옵스, 쿠버네티스, DB 최적화..."
https://kr.indeed.com/viewjob?jk=5882d75839522aa0,Django 서버 개발자 - 대전연구소,,,AI(인공지능)>빅데이터|인터넷·IT·통신·모바일·게임>빅데이터·AI(인공지능)>데이터분석|인터넷·IT·통신·모바일·게임>빅데이터·AI(인공지능)> Python|인터넷·IT·통신·모바일·게임>빅데이터·AI(인공지능)>머신러닝
https://kr.indeed.com/viewjob?jk=32998063886b0d27,[컨트롤웍스] 제어엔지니어 신입,,"연봉 30,000,000원 - 35,000,000원",전공- Matlab / Simulink 프로그래밍에 자신 있는 분[우대사항]- 컨트롤러 설계 경험- C 또는 Python 프로그래밍 역량- 석사학위자의 경우 병역특례 가능- 운전가능자 1 명 근무조건 고용형태: 정규직(수습기...
https://kr.indeed.com/viewjob?jk=c719ac7a926d4858,Software Engineer - Robotics,,,STEM or similar degree You have in-depth knowledge of C / C++ and Python programming You value soft skills... passionate...
https://kr.indeed.com/viewjob?jk=70a318a782ff1cbf,"목동 컴퓨터 학원 코딩 강사 (정규직 및 계약직,경력무관)",,,"2,3년)졸업 이상 기타: [IT·문화·직업강사] - C, C++, Python 언어 수업 가능자 [교육상담·학원에이전트 ] - CS 마인드 보유자... 문화·직업강사]- C, C++, Python 언어 수업 가능자[교육상담..."
https://kr.indeed.com/viewjob?jk=031eec3794f09645,[데이터] 데이터 서비스/플랫폼 개발,,,"데이터 수집, 처리 및 지표 분석 경험 - 데이터 기반의 문제해결 역량 및 논리적 사고 - Java, Python, Scala 중 최소 1가지 언어를 이용한 데이터 분석 및 소프트웨어 개발 역량 - 통계분석, ML/AI..."
https://kr.indeed.com/viewjob?jk=8e8514f7d5b659f6,"스팸 및 어뷰징 분석/대응(서버개발, 머신러닝)",,,"뉴스 댓글의 세이프 봇) 동영상 분석 및 필터링 [사용 기술] Java, Spring, Kotlin, Python Angular, React PostgreSQL(PPAS), Oracle, MySQL, Spring Data..."
https://kr.indeed.com/viewjob?jk=d83fc0dd2641f483,전문연구요원 (병역특례) 수시 (AI / SW 분야),,"연봉 40,000,000원 - 100,000,000원",요구 능력] - ASM/C/C++/ Python 언어 코딩 기술 - 운영체제... 경험 - Windows/Linux 상에서 C++/ Python 언어 사용 개발 경험 - C++ / Python 언어 사용 개발 경험 - 객체지향 설계에...
https://kr.indeed.com/viewjob?jk=3db9b6d8f7099396,(주)아이옵스 SAR 위성영상 활용 신입/경력,,,"SAR 영상처리 관련 과제 수행 경험자 ㆍ관련 프로그램 (Marlab, Python, C/C++등) 사용 가능자 0 명 근무조건 고용형태: 정규직급여... AI)|인터넷·IT·통신·모바일·게임>빅데이터·AI(인공지능)> Python"
https://kr.indeed.com/viewjob?jk=e55c3c80579b6806,Industry Process Consultant - BIOVIA (화학/분자모델링 분야 소프트웨어 기술영업...,,,"skills. Experience... use of scripting languages (Perl, Python... desirable... experience with software packages..."
https://kr.indeed.com/viewjob?jk=4c25d6649f8434a8,[외국계 스타트업 미소] Business Analyst Intern (정규직 전환형),,,통신·모바일·게임>빅데이터·AI(인공지능)>데이터분석|인터넷·IT·통신·모바일·게임>빅데이터·AI(인공지능)> Python|인터넷·IT·통신·모바일·게임>데이터베이스·DBA>MySQL|인터넷·IT·통신·모바일·게임>데이터베이스...
https://kr.indeed.com/viewjob?jk=ae2345924b218c15,웹프로그래머 (FrontEnd) 기업부설연구소 연구원 #python #js #FullStack #모바일,,"연봉 30,000,000원 - 60,000,000원","데이터 수집, 분석 및 가공 에 관련된 프로그램 개발 ( Python) REST API개발( Python)# 우대사항 javascript 개발경험 필수 python 개발 유경험자 우대 Android, iOS 개발 유경험자 우대..."
https://kr.indeed.com/viewjob?jk=910894269cf12c51,Application Support Specialist - Associate (Technology),,,"Have grit, drive... deep sense of ownership - Linux/ Python skills - Excellent communication skill(verbal and written..."
https://kr.indeed.com/viewjob?jk=c4145dce440c02f8,[전문연구요원 신규편입/전직] SW Engineer/Backend/Frontend 개발자,,,백엔드|인터넷·IT·통신·모바일·게임>웹프로그래머>프론트엔드|인터넷·IT·통신·모바일·게임>웹프로그래머> Python|인터넷·IT·통신·모바일·게임>응용프로그래머>Linux|인터넷·IT·통신·모바일·게임>응용프로그래머>인공지능...
https://kr.indeed.com/viewjob?jk=abd402d5bde5914f,[TmaxOS/R&D] OS부문 개발자,,,CD 개발 운영 [주 사용 언어] - C/C++ - JavaScript/TypeScript - Java - Python 자격요건 - 4년제 대졸(학사) 이상 / 기졸업자 또는 22년 8월 졸업 예정자 - 컴퓨터 및 전산관련...
https://kr.indeed.com/viewjob?jk=9ff286e5c18f8065,[Forest CIC] NAVER Shopping Data Solution 직무별 담당자 (경력),,,"비정기적 데이터의 현황을 인사이트 있게 분석 하고 , 간결한 언어로 리포팅 경험이 많으신 분 - R/ Python, SQL 등 분석툴 활용 능력이 가능하신 분 - 데이터 모델링을 위한 수학적 , 통계적 지식이 있으신 분..."
https://kr.indeed.com/viewjob?jk=6d0b76f65c7a3c32,(주)엘솔루 R&D본부 ASR팀 개발직,,,터넷·IT·통신·모바일·게임>응용프로그래머>JAVA|인터넷·IT·통신·모바일·게임>응용프로그래머>Linux|인터넷·IT·통신·모바일·게임>응용프로그래머>머신러닝(ML)|인터넷·IT·통신·모바일·게임>응용프로그래머> Python
https://kr.indeed.com/viewjob?jk=e00d3977d633da67,[쿠키런: 오븐브레이크] 데이터 분석가 (경력),,,통신·모바일·게임>ERP·시스템분석·설계>데이터분석|인터넷·IT·통신·모바일·게임>응용프로그래머> Python|인터넷·IT·통신·모바일·게임>웹프로그래머> Python|인터넷·IT·통신·모바일·게임>데이터베이스·DBA>SQL
https://kr.indeed.com/viewjob?jk=1feff7ae08664e44,머신러닝-딥러닝 공공데이터 분석전문가 교육생,,,게임>웹프로그래머>웹개발|인터넷·IT·통신·모바일·게임>웹프로그래머> Python|인터넷·IT·통신·모바일·게임>네트워크·서버·보안>시스템·네트워크보안... 게임>빅데이터·AI(인공지능)> Python|인터넷·IT·통신·모바일·게임...
https://kr.indeed.com/viewjob?jk=3cd339cf8959f44d,생명정보학 부문 박사졸 선임연구원 정규직 정규직,,"연봉 50,000,000원 - 60,000,000원","- Python or R 활용가능 -Linux terminal 능숙 -생물학... 생명정보학, 생물정보학-외국어: 영어 회화가능,독해가능,작문가능- Python or R 활용가능- Linux terminal 능숙- 생물학 기초 수강..."
https://kr.indeed.com/viewjob?jk=bfe0f5ac4f32ec89,추천 통계분석/데이터사이언티스트 모집,,,"통계, 수학 관련 분야의 석사 또는 박사 학위 소지자 숙련된 데이터분석 능력 데이터 사이언스를 위한 언어( Python/R) 를 하나 이상 능숙하게 다룰 수 있으신 분 분석 결과를 설득력있게 전달할 수 있는 분 우대사항..."
https://kr.indeed.com/viewjob?jk=fb4d29cc4e9ea24a,Data Scientist,,,"기반 예측, 모델링 프로젝트 경험자 데이터 분석/모델링을 위한 언어 및 프레임워크 사용에 익숙하신 분 ( Python, R, SQL, Pandas, TensorFlow, Pytorch, Spark 등) 회사 내부 구성원들과..."
https://kr.indeed.com/viewjob?jk=f9729d9496de6f1c,Python Developer (Internal Product),,,혁신을 위해 새로운 도전을 함께 할 멋진 동료를 기다립니다. 인터넷·IT·통신·모바일·게임>응용프로그래머> Python|인터넷·IT·통신·모바일·게임>웹프로그래머>웹개발|인터넷·IT·통신·모바일·게임>웹기획·웹마케팅·PM>웹서비스기획
https://kr.indeed.com/viewjob?jk=d5135980c5cda18d,시스템 운영(SE),,,"등 클라우드 시스템 구축 및 운영 경험자 우대사항■ 쉘 스크립트 언어 (Bash, PowerShell, Python 등) 사용 가능자■ Jenkins, Terraform 등 CI툴 구축/운영 경험■ 게임 서비스 운영 경험자..."
https://kr.indeed.com/viewjob?jk=cadddc1d517bc19b,Renewable Energy Analyst,,,"other solar energy modeling tools; Experience utilizing Python, R or Matlab (or similar) for statistical analysis and data..."
https://kr.indeed.com/viewjob?jk=72c3de496b865cfb,Solana Dapp Developer,,,"Active public github page... plus* • Node.js, Python or other backend language • Contributions to open-source..."
https://kr.indeed.com/viewjob?jk=38f3f4ec291e7349,(주)아이옵스 항공우주분야,,,궤도역학[우대사항]ㆍ정보처리기사 등 관련 자격증 소지자 ㆍ인공위성 궤도분석 및 비행역학 유경험자ㆍC/C++/ Python 활용 가능자ㆍ영어 가능자 0 명 근무조건 고용형태 : 정규직(수습기간3개월)급여조건 : 급여 협의근무지역...
https://kr.indeed.com/viewjob?jk=0064deb5fa9cbce0,데이터 사이언티스트 모집,,,"그리고 다양한 실험을 통해 알고리즘을 개선합니다. 지원자격 하나 이상의 프로그래밍 언어에 익숙한 분( Python, Java, C/C++, Scala 등) 머신러닝/딥러닝 오픈소스를 이용하여 1년 이상 특정 서비스에 모델..."
https://kr.indeed.com/viewjob?jk=bd407dd1ccacd03a,[경력] 광고 시스템 개발 / CJ ENM 엔터테인먼트부문,,,border-bottom-color: initial; 인터넷·IT·통신·모바일·게임>응용프로그래머> Python|인터넷·IT·통신·모바일·게임>응용프로그래머>Linux|인터넷·IT·통신·모바일·게임>ERP·시스템분석·설계...
https://kr.indeed.com/viewjob?jk=af3a0bdb8549357f,한국전자금융 상반기 각 부문 신입/경력 직원,,,통신·모바일·게임>웹프로그래머> Python|인터넷·IT·통신·모바일·게임... 인공지능)> Python|인터넷·IT·통신·모바일·게임>응용프로그래머>인공지능(AI)|인터넷·IT·통신·모바일·게임>응용프로그래머> Python|인터넷...
https://kr.indeed.com/viewjob?jk=9334c807e0fc3194,[Server] 서버 개발자 (인터널 서비스),,,"용한 서버 개발경험이 있는 분· Python, node.js 등의 스크립트... 그래머> Python|인터넷·IT·통신·모바일·게임>응용프로그래머>Linux|인터넷·IT·통신·모바일·게임>빅데이터·AI(인공지능)> Python|인터넷..."
https://kr.indeed.com/viewjob?jk=4cc15c26097421c5,"개발자 - Python 프로그래밍과 Java, C 소스코드 분석",,,"자격요건 인원 [담당업무]개발자 - Python 프로그래밍과 Java, C 소스코드 분석[근무부서 및 직급/직책]근무부서: 엔터프라이즈 솔루션직급/직책: 팀원, 대리, 차장 [필요기술]ㆍ Python 프로그래밍과 Java, C..."
https://kr.indeed.com/viewjob?jk=7460bee9995ddfee,클라우드 보안 서비스 담당자 [경력],,,함한 TCP / IP 프로토콜 스택 및 OSI 모델의 실제 응용 프로그램에 대한 깊은 지식- Linux 기술- Python / Shell 프로그래밍을 활용한 작업 자동화 및 도구 개발 가능자 우대 사항 영어 / 중국어 가능자...
https://kr.indeed.com/viewjob?jk=6cfffc13b8a012c3,Product Test Engineer,,,"Knowledge of Compute Language in either C++/C or VB, Python is preferred.. Good command of oral and written English. Good..."
https://kr.indeed.com/viewjob?jk=a8ed2e9b780a30fb,[대형증권사] IT개발(Front-end),,,통신·모바일·게임>웹프로그래머>JAVA|인터넷·IT·통신·모바일·게임>웹프로그래머>프론트엔드|인터넷·IT·통신·모바일·게임>웹프로그래머> Python|인터넷·IT·통신·모바일·게임>웹프로그래머>HTML·DHTML·mHTML
https://kr.indeed.com/viewjob?jk=c80b67aa02a7b226,인공지능연구소 우수인력 초빙 - 연구원 및 연구관리직 -,,,"기술 컴퓨터사이언스, 머신러닝, 컴파일러, 자연언어 처리, 네트워킹, 지능형 센서 관련 지식 Python/Java/C++/Web/App/API 프로그래밍, 딥러닝, 자연어처리, TCP/IP 등에 대한 지식 필요기술..."
https://kr.indeed.com/viewjob?jk=6f3cf2dacebda924,컴퓨터비전 개발자 경력 정규직,,,바일·게임>빅데이터·AI(인공지능)>인공지능(AI)|인터넷·IT·통신·모바일·게임>빅데이터·AI(인공지능)> Python|인터넷·IT·통신·모바일·게임>소프트웨어·하드웨어>소프트웨어|인터넷·IT·통신·모바일·게임>응용프로그래머>C·C++
https://kr.indeed.com/viewjob?jk=8c32b5db8ab28c7d,"[광고 추천] 데이터 과학자, 기계학습(머신러닝) 전문가 모집",,,"학습(머신러닝), 딥러닝에 관한 지식과 경험이 풍부한 분 하나 이상의 프로그래밍 언어에 능통한 분 (예, Python, R, Java, Scala, C/C++, Golang 등) 단, 주니어는 기계학습 기초 지식과 개발 역량..."
https://kr.indeed.com/viewjob?jk=19da3484bd7a72f1,Machine Learning R&D 연구원,,,"가능) ㆍ최신 딥러닝, 기계학습 이론에 대한 이해 및 구현 역량 ㆍ Python, TnsorFlow, C/C++, TensorRT 등 프로그래밍 실무... 대한 이해 및 구현 역량 ㆍ Python, TnsorFlow, C/C++..."
https://kr.indeed.com/viewjob?jk=4da7ed242ef8c1b9,[LX세미콘] 연계형 학사 신입 인턴십 수시,,,론트엔드|인터넷·IT·통신·모바일·게임>응용프로그래머>C·C++|인터넷·IT·통신·모바일·게임>응용프로그래머> Python|경영·인사·총무·사무>경영·기획·전략>전략기획|경영·인사·총무·사무>경영·기획·전략>경영기획|경영·인사...
https://kr.indeed.com/viewjob?jk=3415a2ec10f41d98,[램플코딩학원] 온오프라인 코딩 강사,,"시급 40,000원","우대사항]ㆍ전공계열: 공학계열(컴퓨터공학, 소프트웨어공학, 시스템공학)ㆍ자격증: 정보처리기사ㆍC언어, Python 가능자ㆍ아두이노 로봇 강의 가능자 우대ㆍ자격증반/대회반 교육 경력자 우대 00 명 근무조건 고용형태: 계약직..."
https://kr.indeed.com/viewjob?jk=899324b336ff680e,Data Engineer,,,"S3, AWS Glue, Spark, Airflow 기반의 Data Lake 플랫폼 운영 자격 요건 Python 또는 JVM 기반 언어(Java, Scala) 중 하나 이상을 능숙히 사용 자료 구조, 알고리즘, 데이터베이스..."
https://kr.indeed.com/viewjob?jk=d4e40db6e9776da3,[대형증권사] 자산배분전략 수립/모델개발,,,통신·모바일·게임>웹프로그래머>JAVA|인터넷·IT·통신·모바일·게임>웹프로그래머>프론트엔드|인터넷·IT·통신·모바일·게임>웹프로그래머> Python|인터넷·IT·통신·모바일·게임>웹프로그래머>HTML·DHTML·mHTML
https://kr.indeed.com/viewjob?jk=135ebaa09a535c7e,[NHN 패션고 코리아] 추천 시스템 개발,,,"Linux, SQL/NoSQL 유경험자 - 컨테이너 기술 활용 경험 - C/C++, Java, golang, Python 등의 다양한 개발 언어 활용 경험 - Vespa-engine 경험 공통지원자격 - 병역필 혹은..."
https://kr.indeed.com/viewjob?jk=22cd969d8399e6a3,1분기 게임 클라이언트 개발자 (신입/경력),,,"분 * C/C++, C#, Swift, Objective C, Kotlin, Java, JavaScript, Python, Go.새로운 프로그래밍 언어를 습득하는데 어려움이 없거나 혹은 흥미를 갖고 있는 분게임엔진 사용 경험..."
https://kr.indeed.com/viewjob?jk=3990d417d2f5a517,[웹젠] DBA(신입),,,로운 기술과 도전을 좋아하는 분 - Data에 대한 관심이 높은 분 - Python 프로그램 경험이 있는 분 • 기타 - 수시채용은 공고 게시 중에도... 에 대한 관심이 높은 분 - Python 프로그램 경험이 있는 분 • 기타...
https://kr.indeed.com/viewjob?jk=abcbb3282b50f027,Korea - Enterprise Data & Analytics Engineering Manager,,,"engineers with Python, Spark and SQL... Apache NiFi) •Demonstrated competence in Python, Spark... SQL •Proven expertise..."
https://kr.indeed.com/viewjob?jk=43894f19dad2b694,"Strategic Cloud Engineer, Infrastructure, Google Cloud Profe...",,,"writing software in one or more languages (e.g., Java, Python, etc.). Preferred qualifications: Experience with cluster..."
https://kr.indeed.com/viewjob?jk=ea9fdae6d542239b,산학겸임교사(정보 분야),,,"교사를 아래와 같이 추가 채용 공고합니다. 1. 채용부분 가. 구분: 산학겸임교사(3명) 나. 분야: C언어, Python, JAVA, 데이터베이스, Linux, 웹프로그래밍 다. 채용기간: 2022. 3. 1.(또는 채용일..."
https://kr.indeed.com/viewjob?jk=ac64fda2e281b835,"Software Engineer, People with Disabilities (장애인 채용)",,,"languages, including... limited to: C++, Java, C and Python. Experience in a variety of projects utilizing natural..."
https://kr.indeed.com/viewjob?jk=0e25160b5a1d095f,[유통 대기업] Business Analyst(비지니스분석가) 과차장급,,,"이터 컨설팅 또는 비즈니스 컨설팅 경력 5년 이상 보유 -SQL, R, Python 중 1개 이상의 분석 도구 활용 경험 보유 -비지니스에 대한 문제... 게임>빅데이터·AI(인공지능)> Python|인터넷·IT·통신·모바일·게임..."
https://kr.indeed.com/viewjob?jk=e8163ea79cfdae69,Associate Field Applications Engineer (FAE),,,"Knowledge, Skills and Experience: Programming Language: C/C++, Python Language (Option) OS: Linux, RTOS Embedded knowledge..."
https://kr.indeed.com/viewjob?jk=11d06a906dfe933f,"JAVA, Python 경력 정규직",,,"(주)마인케이 JAVA, Python 경력 정규직 채용 모집부문 및 자격요건 담당업무 자격요건 인원 [담당업무]자바, 코틀린, 파이썬, 개발 및 응용프... 로그래머>JAVA|인터넷·IT·통신·모바일·게임>응용프로그래머> Python"
https://kr.indeed.com/viewjob?jk=bb1e9a32dd06df42,주식회사 데이터스트림즈 기술연구소 Java 개발자,,,기반 대용량 데이터 처리 경험 [우대사항] - Docker / K8s 에 대한 전반적인 이해 및 경험- Python 코드에 대한 이해- 빅데이터 플랫폼 운영 경험 프론트 앤드개발 직군 신입직 모집 - 데이터 가상화 솔루션...
https://kr.indeed.com/viewjob?jk=0c512fb4dda00dea,"[신입,경력] 스마트 교통시스템 임베디드 소프트웨어 개발자",,,"비젼, 영상 처리, 딥러닝 알고리즘 2) 사용 언어 : C, C++, Python 3) TensorFlow, Deep Learning 관련 지식 보유... 드웨어>소프트웨어|인터넷·IT·통신·모바일·게임>응용프로그래머> Python"
https://kr.indeed.com/viewjob?jk=bbbfbb33164df0e3,"Junior Software Engineer, Server Platform",,,"프라 위에 안정적이고 효율적인 서비스 설계 및 구축 핵심 자격요건 Python, Java, Kotlin, Go, C++ 등 서버 사이드 프로그래밍... Understanding of Python, Java, and Event..."
https://kr.indeed.com/viewjob?jk=59fd1cd02b4f8499,2022년 상반기 신.경력직,,,"(주)솔루게이트 JAVA, Python 외 신입/경력 정규직, 인턴 채용... 응용프로그래머>JAVA|인터넷·IT·통신·모바일·게임>응용프로그래머> Python|인터넷·IT·통신·모바일·게임>웹프로그래머>웹개발|인터넷·IT·통신..."
https://kr.indeed.com/viewjob?jk=86921958794c4e75,Test Validation Engineer (m/w/d),,,"programming in C, C++, Java or scripting languages ( Python, PHP, Perl, etc.) is beneficial * Familiarity with automotive bus..."
https://kr.indeed.com/viewjob?jk=35fecc3e04d5571c,[SAPEON Korea] AI Accelerator Field Application Engineer,,,"Hardware Accelerator 기본 동작 이해- C/C++, Python 프로그램 개발 능력- 소프트웨어 설계 및 알고리즘 구현, 최적화 역량... 통신·모바일·게임>응용프로그래머> Python|인터넷·IT·통신·모바일·게임..."
https://kr.indeed.com/viewjob?jk=686c8cf8b082fbc1,연구개발부 생명정보부문 석사졸연구원 신입/경력 정규직,,"연봉 40,000,000원 - 50,000,000원",통신·모바일·게임>빅데이터·AI(인공지능)>데이터분석|인터넷·IT·통신·모바일·게임>빅데이터·AI(인공지능)> Python|인터넷·IT·통신·모바일·게임>빅데이터·AI(인공지능)>R|인터넷·IT·통신·모바일·게임>빅데이터·AI...
https://kr.indeed.com/viewjob?jk=c73d603881ba3d48,"Software Engineer, Platforms & Ecosystems, Android Auto",,,"more programming languages: Java, C/C++, C#, Objective C, Python, JavaScript, or Go. Interest and ability to learn other..."
https://kr.indeed.com/viewjob?jk=dae1d26d25c1ee21,[Beluga] 음성 (TTS/STT) 딥러닝 엔지니어 (경력 무관),,,경험을 보유하신 분독창적인 기술 제시 및 문제 해결을 위한 프로그래밍 능력을 보유하신 분 (C/C++/ Python/shell 등)오픈소스 기반 딥 러닝 프레임워크 활용 능력을 보유하신 분 (PyTorch/TensorFlow...
https://kr.indeed.com/viewjob?jk=8f44af3fd69c524b,디지털헬스케어 리딩기업 - AI연구개발 및 데이터 분석,,,통신·모바일·게임>빅데이터·AI(인공지능)>빅데이터|인터넷·IT·통신·모바일·게임>빅데이터·AI(인공지능)> Python|인터넷·IT·통신·모바일·게임>빅데이터·AI(인공지능)>인공지능(AI)|인터넷·IT·통신·모바일·게임...
https://kr.indeed.com/viewjob?jk=c5a2d42f245aade7,[신입/경력] 데이터개발 담당자,,,"End 개발 경력 2년 이상- Python, Java 중 한가지 언어를... 인공지능)> Python|인터넷·IT·통신·모바일·게임>ERP·시스템분석·설계>빅데이터|인터넷·IT·통신·모바일·게임>응용프로그래머> Python|인터넷..."
https://kr.indeed.com/viewjob?jk=db0f936ba19582ac,DBA,,,멋진 동료를 기다립니다. 인터넷·IT·통신·모바일·게임>응용프로그래머> Python|인터넷·IT·통신·모바일·게임>빅데이터·AI(인공지능)> Python|인터넷·IT·통신·모바일·게임>데이터베이스·DBA>SQL|인터넷·IT·통신...
https://kr.indeed.com/viewjob?jk=bb52e43ab94fcbb5,"협동로봇, 공정엔지니어, PLC 외 신입 정규직",,"연봉 25,000,000원 - 30,000,000원","당업무 자격요건 인원 하단 업무 참조 [자격요건]학력사항: 학력무관 1 명 ㅇ 협동로봇 티칭 및 교육 - Python, ROS, C# 등 프로그래밍 및 교육 - PLC, HMI 프로그래밍 및 교육 ㅇ 협동로봇 실습장비와 자동..."
https://kr.indeed.com/viewjob?jk=89b2f784c88c8a1b,[신입/경력] SW Engineer/Backend/Frontend 개발자,,,인터넷·IT·통신·모바일·게임>웹프로그래머>백엔드|인터넷·IT·통신·모바일·게임>웹프로그래머>프론트엔드|인터넷·IT·통신·모바일·게임>응용프로그래머>인공지능(AI)|인터넷·IT·통신·모바일·게임>응용프로그래머> Python
https://kr.indeed.com/viewjob?jk=1e708a23b9f87c19,JAVA 개발자 경력직/신입,,,"경력직 정규직 채용 모집부문 및 자격요건 담당업무 자격요건 인원 [담당업무]Back-end 개발자(java, python 등)- Restful API 서비스 설계/연동 개발(Spring)- web 서비스 백엔드 개발front..."
https://kr.indeed.com/viewjob?jk=df21e3bb5d773616,Python Programmer,,,개발 – JAVA 프로그래밍(라이브러리 활용) – Spring 프레임 워크 개발 – Python API 프로그래밍 우대사항 – Python 개발 경험 – Open Source 라이브러리 개발경험 – Web 표준에 대한 경험...
https://kr.indeed.com/viewjob?jk=bbb82ba3ef01f2e6,Solutions Engineering Intern,,,"Node.js and Python. Building innovative... Python programming languages. Technology used: JavaScript, Node.js, Python GitHub..."
https://kr.indeed.com/viewjob?jk=fb8f5764cdbe3c39,"Customer Solutions Engineer, Global Client and Agency Soluti...",,,"general purpose programming language (e.g., Java, C/C++, Python). Ability to speak and write in English and Korean fluently..."
https://kr.indeed.com/viewjob?jk=5335ea43f5d9d6c0,하드웨어 신입/경력 정규직,,,"회로 설계 경험자° HDL을 이용한 FPGA IP 설계 및 검증 경험자° OrCAD, Matlab, C, Python 툴 경험자° 석/박사 학위 수여자° 방산/보안 계열 개발 유경험자[학력 및 유관전공]° 학력: 대졸(4년제..."
https://kr.indeed.com/viewjob?jk=e742db63ad7e269f,프론트엔드 개발자/디자이너/기획/마케터 정직원,,"연봉 30,000,000원 - 35,000,000원",JAVA|인터넷·IT·통신·모바일·게임>웹프로그래머>백엔드|인터넷·IT·통신·모바일·게임>웹프로그래머> Python|인터넷·IT·통신·모바일·게임>웹프로그래머>HDML|인터넷·IT·통신·모바일·게임>웹프로그래머>APM|인터넷...
https://kr.indeed.com/viewjob?jk=54c64652d3d0b700,Server Developer (Machine Learning),,,통신·모바일·게임>빅데이터·AI(인공지능)> Python|인터넷·IT·통신·모바일·게임>응용프로그래머>머신러닝(ML)|인터넷·IT·통신·모바일·게임>응용프로그래머> Python|인터넷·IT·통신·모바일·게임>통신·모바일>플랫폼(VM)
https://kr.indeed.com/viewjob?jk=cb340349fea7454e,"Digital Innovation PM, Korea",,,"CRM systems, e.g Salesforce · Understanding of SQL, Python or other · Strong business and financial acumen and negotiations..."
https://kr.indeed.com/viewjob?jk=3f30b270fd650056,Cloud Solution Engineer,,,"타 오라클 제품과 오라클 데이터베이스 연동 경험 - 어플리케이션 개발 경험 : Java, Node.js, Python 등 - DB 마이그레이션 경험 - 타 클라우드 DB 서비스(AWS, Azure, GCP 등) 경험..."
https://kr.indeed.com/viewjob?jk=28107841f6ea50a9,전사 생산기술 신입/경력사원,,,"신입 및 경력 지원가능 - 데이터사이언스 및 프로그래밍 언어(R, Python 등) 사용 가능자 우대 사항 - 머신러닝(ML)/딥러닝(DL) 활용... C++, Java 등) - R, Python을 활용하여 데이터분석 가능자..."
https://kr.indeed.com/viewjob?jk=ccd4f5407a32ba6a,Data Scientist,,,"analysis a plus, Programming... scripting exp.: eg. Python, C#, VBA, Java, Perl, etc. Experience in applied analytics..."
https://kr.indeed.com/viewjob?jk=8fa17c6073918c5b,하둡 플랫폼 서비스 개발자 모집,,,"대한 기본 지식 * Hadoop/ecosystem 활용/개발 경험 3년 이상 * Java 필수, 그 외 Python, Ruby 중 1개 이상 언어로 개발 가능 * Web framework를 이용한 서비스 개발 경험 [우대..."
https://kr.indeed.com/viewjob?jk=b2eb1fe78ff9ee5f,[대기업] 데이터분석가 경력 (대리~과장급 2명),,,"경력5년 이상-통계분석과 Machine Learning알고리즘에 대한 기본지식 보유-SQL, SAS, R, Python 중2개 이상의 분석도구에 대한 기본 이해-현상에 대한 문제인식과 적극적인 문제해결의지-통계적 수치에 대한..."
https://kr.indeed.com/viewjob?jk=6410072c0d3d8b92,C++/Python 소프트웨어 개발자,,,"관련 응용소프트웨어 개발[자격요건] SW 자료구조, 알고리즘, 아키텍쳐에 대한 기본 지식 보유 C++ 또는 Python 이용 개발 경험 보유[우대사항] 해당 분야 석사이상 또는 5년 이상의 개발 경력 ROS 이용 개발 경험..."
https://kr.indeed.com/viewjob?jk=b03b8655f632f8f0,[네오컨버전스] 딥러닝 개발자 신입/경력 정규직,,,"부설연구소 [자격요건]신입, 경력(연차무관)대학교(4년)졸업 이상- Python 개발 가능자- Pytorch 딥러닝 프레임 워크 경험자- 딥러닝 이해... 게임>빅데이터·AI(인공지능)> Python|인터넷·IT·통신·모바일·게임..."
https://kr.indeed.com/viewjob?jk=7fe0c284fbf4045f,CRM 및 마케팅 데이터분석 담당자 - 국내 대기업 계열사,,,"역량 (SQL 및 SAS, R, Python 등) - 통계 지식 보유 및... 경력자- 대용량 데이터 분석 툴 활용 역량 (SQL 및 SAS, R, Python 등)- 통계 지식 보유 및 데이터 모델링 가능자 우대- CRM 업무..."
https://kr.indeed.com/viewjob?jk=4b1765c4f3ce8631,Data Scientist,,,"language ( Python, R, Java, etc... oriented analytics Confident user of ML/DL python packages including Scikit-learn..."
https://kr.indeed.com/viewjob?jk=dce9169c36eaaf92,[SAPEON Korea] Deep Learning Library 개발자,,,통신·모바일·게임>빅데이터·AI(인공지능)>데이터분석|인터넷·IT·통신·모바일·게임>빅데이터·AI(인공지능)> Python|인터넷·IT·통신·모바일·게임>빅데이터·AI(인공지능)>머신러닝|인터넷·IT·통신·모바일·게임>빅데이터...
https://kr.indeed.com/viewjob?jk=28b0225c355d0382,시스템/모바일 게임 보안 담당자 (무관),,,"경험이 있는 분 - 모바일 게임 앱에 대한 보안 진단 경험이 있는 분 - 각종 스크립트 언어(Perl, Python, shell script 등)의 활용 능력을 갖춘 분 - 보안 솔루션 운영 경험이 있는 분 - AWS..."
https://kr.indeed.com/viewjob?jk=9d65190a07b1dcd7,Data Science Executive,,,using tools... python/r. Understand... You’ve dabbled in data. You’ve perused Python. And you have the communication chops...
https://kr.indeed.com/viewjob?jk=a2f76d5c3e19671d,[해외취업] 휴대폰 Refurbish 전문회사 IT소프트웨어 개발자,,"연봉 35,360,000원","Richardson : 근무지역 직원수 300명 모집 포지션 : IT소프트웨어 개발자 - VBA, VB6.0, Python - SQL (MS SQL) - Network - Java 급여 - 시간당 14불 기타..."
https://kr.indeed.com/viewjob?jk=cdb687a3cbc42040,Consultant Engineer,,,"programming language would be useful... essential o Python, Visual Basic, VBA in Excel, Java, C = Experience in data..."
https://kr.indeed.com/viewjob?jk=dfd13a83f33db77a,[SAPEON Korea] Deep Learning Software Engineer,,,"2년이상- 학력/전공 : 학력무관/전공무관이런 경험이 있다면더욱 좋습니다.※ 필요 역량 - C/C++ 또는 Python에 대한 깊은 이해 및 능숙한 개발 능력 - 소프트웨어 설계 및 알고리즘 구현, 최적화 역량 - Linux..."
https://kr.indeed.com/viewjob?jk=108b132346b45d3e,Product Application Engineer,,,customer problems Proficiency in debugging and working with Python/C++ Experience in QA and wants to grow... customer...
https://kr.indeed.com/viewjob?jk=e7c8c2b11f24fb43,Software Engineer,,,"languages, including... limited to: C++, Java, C and Python. Excellent written and verbal communication skills. About..."
https://kr.indeed.com/viewjob?jk=e9488a828bb2c806,Data Engineer,,,다립니다. 인터넷·IT·통신·모바일·게임>응용프로그래머>JAVA|인터넷·IT·통신·모바일·게임>응용프로그래머> Python|인터넷·IT·통신·모바일·게임>빅데이터·AI(인공지능)>데이터분석|인터넷·IT·통신·모바일·게임>ERP...
https://kr.indeed.com/viewjob?jk=4a3c096c3da9117c,Datacenter Engineer (chuncheon),,,"Base Operating System Install • Some experience with Perl, Python, Bash or Java • Core OS Services: ssh, telnet, ftp, nfs..."
https://kr.indeed.com/viewjob?jk=019b28cc5f5e508c,2022 R&D 신입사원,,,"보유자 (Business) - 광학 Simulation Tool 유경험자 - 프로그래밍 (LabView, Python 등) 역량 우수자 - Data Tool 역량 우수자 담당업무 - 직무소개서 참고 필수조건 - 이공계 전공..."
https://kr.indeed.com/viewjob?jk=a879247b8ea40ef8,2022년 3월 경력사원 (기획/에너지기술/생산기술/구매/SCM),,,"일어 SJPT 7급 이상) -CPIM, CSCP等 관련 자격 소지자 -Programming Language( Python 등) 와 Data Science & Engineering 역량 보유자 주요수행업무 -협력사의 Pain..."
https://kr.indeed.com/viewjob?jk=35aaf18d4b4cfafe,Student Training in Engineering Program (STEP) 2022,,,"Science or a related field. Programming experience in Java, Python, C... C++. Ability to complete a 10-12 week program..."
https://kr.indeed.com/viewjob?jk=016de9bb83a8032d,JR0186078 AI Research Engineer Intern,,,"architectures, and optimization strategiesProgramming skills with Python/C++Experience working with one or more deep learning..."
https://kr.indeed.com/viewjob?jk=46253fd5b203d931,"[로봇개발본부(판교근무)] 각 분야별 (백엔드, WEB APP 개발, APP 개발)",,,게임>웹프로그래머>웹개발|인터넷·IT·통신·모바일·게임>웹프로그래머> Python|인터넷·IT·통신·모바일·게임>웹프로그래머>JAVA|인터넷·IT·통신... 통신·모바일·게임>응용프로그래머> Python|인터넷·IT·통신·모바일·게임...
https://kr.indeed.com/viewjob?jk=1015284880e2ff62,라인프렌즈 2022년 각 부문 수시,,,통신·모바일·게임>웹프로그래머> Python|인터넷·IT·통신·모바일·게임... 자바스크립트|인터넷·IT·통신·모바일·게임>빅데이터·AI(인공지능)> Python|마케팅·광고·홍보·조사>마케팅>마케팅기획|마케팅·광고·홍보·조사>마케...
https://kr.indeed.com/viewjob?jk=4cc952ac5075ef29,2022년 상반기 GS EPS 신입/경력 수시,,,재료>제어|인터넷·IT·통신·모바일·게임>웹프로그래머>웹개발|인터넷·IT·통신·모바일·게임>웹프로그래머> Python|인터넷·IT·통신·모바일·게임>응용프로그래머>머신러닝(ML)|인터넷·IT·통신·모바일·게임>응용프로그래머...
https://kr.indeed.com/viewjob?jk=c2dd55e197751439,[KSTEC] 통계/Analytics 신입 및 경력사원,,,"지능화 (의사결정 자동화) 시스템 개발 (SPSS, SAS, R, Python, Java 기반)2. 기업용 데이터과학 & 인공지능 플랫폼 솔루션3... 게임>빅데이터·AI(인공지능)> Python|인터넷·IT·통신·모바일·게임..."
https://kr.indeed.com/viewjob?jk=cc7b52117054782e,웹보드(고스톱/포커)게임FDS 데이터 분석 전문가 (신입),,,"색과 인사이트 도출이 가능한 분 - 합리적인 커뮤니케이션을 통해 원활한 협업이 가능한 분 우대사항 - python, sql 등을 통한 데이터 분석 경험이 있는 분 - 데이터 분석을 전공하신 분 모집기간 채용시 마감..."
https://kr.indeed.com/viewjob?jk=6dd48f3771d01215,"Student Researcher Intern, 2022",,,"programming languages, including: C/C++, Java, MATLAB, Go, Python, or similar. Ability to speak and write in English fluently..."
https://kr.indeed.com/viewjob?jk=5c456de872b81d82,"Software Engineering Intern, 2022",,,"programming languages including: Java, C/C++, C#, Objective-C, Python, JavaScript, Go, etc. Ability to complete a 10-12 week..."
https://kr.indeed.com/viewjob?jk=3569cddb459c3fb8,"Partner Technology Manager, YouTube (English, Korean)",,,"Experience using one or more... following: Java, Python, PHP, XML, HTTP, HTML... JavaScript Experience with data..."
https://kr.indeed.com/viewjob?jk=78e99625e5de3c95,전문연구요원 (병역특례) 수시 (AI / HW 분야),,"연봉 40,000,000원 - 100,000,000원","모델의 RTL IP 설계 및 IP 검증 가능자 - Language: Python/Perl, C/C++ [우대 조건] - ARM based SoC 설계... Linux, shell, tcl, python, perl 사용 원활..."
https://kr.indeed.com/viewjob?jk=77b3e91b54377a1f,2022년 한국필립모리스(주) 각 부문,,,통신·모바일·게임>웹프로그래머> Python|인터넷·IT·통신·모바일·게임... 용프로그래머>자바스크립트|인터넷·IT·통신·모바일·게임>응용프로그래머> Python|인터넷·IT·통신·모바일·게임>시스템프로그래머>펌웨어·어셈블러|인터...
https://kr.indeed.com/viewjob?jk=9e154b5b00d09b31,Software Engineer - Python and K8s,,,"we are building a new community around Python opscode for open source applications... who enjoy Python, have a passion..."
https://kr.indeed.com/viewjob?jk=8d7887d0568db3e5,"'22년 현대중공업그룹 연구직(경력,신입) (수시 1차)",,,"가능자(Matlab, C#, Python 등) 우대 근무지 분당 모집인원... 공자 우대 - 시뮬레이션/생산계획 시스템 개발 경험자 우대 - C#, Python 프로그래밍 가능자 우대 - 실무경력 3년 이상 (경력) 근무지 분당..."
https://kr.indeed.com/viewjob?jk=67c19d7ac0857ecd,빅데이터 분야,,,"데이터 분석 모형 개발 ① R, Python, SQL 등 데이터 분석 도구... 분석 관련 자격 보유(빅데이터분석기사, ADsP, ADP 등) - R/ Python/SQL 등을 사용하여 데이터를 핸들링하고 대규모 데이터 셋에서 분석..."
https://kr.indeed.com/viewjob?jk=a0397bd0c63f81ea,DevSecOps Engineer,,,other K8s ecosystem Experience with scripting languages... Python / Ruby / Go. Good written/verbal communication skills...
https://kr.indeed.com/viewjob?jk=84329a66291839cd,각 부문별,,,통신·모바일·게임>응용프로그래머> Python|인터넷·IT·통신·모바일·게임... W 엔지니어|인터넷·IT·통신·모바일·게임>빅데이터·AI(인공지능)> Python|유통·물류·운송·운전>유통·상품기획·MD>상품MD|유통·물류·운송...
https://kr.indeed.com/viewjob?jk=e11919aa1a40d234,Software Intern,,,"good communication skills Good Programming Skills in C#, C, Python Understanding of attached peripherals (I2C, SPI) Basic..."
https://kr.indeed.com/viewjob?jk=834db148c2e3c7b5,[NHN Cloud] 앱가드 Android 개발,,,"모바일 앱의 해킹 탐지 및 방어 엔진 개발 - 모바일 보안 기술 연구 - C/C++, Java, Python 언어 중 하나 이상을 이용한 개발 경력 2년 이상 - 보안 관련 지식 - 모바일 보안 솔루션 개발 경험..."
https://kr.indeed.com/viewjob?jk=2e46f8b2ba482821,"Customer Engineer, Data Analytics, Google Cloud",,,"writing code in a common development language... Java, Python, JavaScript, C++, Scala, R or Go. About the job..."
https://kr.indeed.com/viewjob?jk=2b9e604e63e7e46d,[카카오커머스] 기술직군,,,"우대사항 - 전자금융 감독규정, PCIDSS에 대한 실무 경험이나 이해도가 높으신 분 - JAVA, Python, shell script 등 개발 역량을 갖추신 분 - 웹/앱 취약점 진단 및 모의해킹 역량을 갖추신..."
https://kr.indeed.com/viewjob?jk=747393ca945eeba5,[KREAM] Server 개발자,,,적극적인 커뮤니케이션을 지향합니다. 인터넷·IT·통신·모바일·게임>웹프로그래머> Python|인터넷·IT·통신·모바일·게임>응용프로그래머> Python|인터넷·IT·통신·모바일·게임>응용프로그래머>API|인터넷·IT·통신·모바일...
https://kr.indeed.com/viewjob?jk=81e6d89be64b1731,5G RAN R&D 소프트웨어 개발자 신입/경력0명 채용,,,"Erlang, Java, Python 부가적으로 사용되는 프로그래밍 언어: Erlang, Java, Python Recruitment... 스트는 C / C++ /Java/ Python 언어 중 선택으로 진행될 예정..."
https://kr.indeed.com/viewjob?jk=51df90967b46e8f0,[외국계 스타트업 미소] Business Analyst,,,통신·모바일·게임>빅데이터·AI(인공지능)>데이터분석|인터넷·IT·통신·모바일·게임>빅데이터·AI(인공지능)> Python|인터넷·IT·통신·모바일·게임>데이터베이스·DBA>MySQL|인터넷·IT·통신·모바일·게임>데이터베이스...
https://kr.indeed.com/viewjob?jk=83f9cd0231b1d969,Eco Lab센터 경력직,,,데이터분석|금융·보험·증권>투자·분석·증권·외환>투자자문·애널리스트|마케팅·광고·홍보·조사>마케팅>브랜드마케팅|인터넷·IT·통신·모바일·게임>응용프로그래머> Python|인터넷·IT·통신·모바일·게임>응용프로그래머>C·C++
https://kr.indeed.com/viewjob?jk=69d3cc2cca262747,Machine Learning Engineer Intern - Korea,,,"Strong algorithms and data structure skills. Fluent... least one programming language including Python, Java, and Golang."
https://kr.indeed.com/viewjob?jk=f54bac6c78fd3240,코딩에 빠진 수퍼 개발자 (펌웨어 개발),,,"학력무관직무기술: 펌웨어(Firmware), Embedded System S/W 개발(판교) c/c++, Python 3 명 근무조건 고용형태: 정규직근무부서: 개발팀급여조건: 연봉 협의 후 결정 전형단계 및 제출서류 전형단..."
https://kr.indeed.com/viewjob?jk=8d383349418b9d54,"Camera Supplier Quality Engineer,",,,"learning or Image processing... significant plus. ( Python, JMP, Tableau, etc.) Interpersonal skills for leadership..."
https://kr.indeed.com/viewjob?jk=5ab0b45dfa93411b,Data Engineer 신입사원,,,"분류, 개인정보 비식별화, 불량 코퍼스 필터링 등 다양한 ML 프로젝트 (예정)[자격요건]- Julia / Python / R 중에서 자신 있는 프로그래밍 언어가 있는 분- 하나의 데이터도 놓치지 않고 꼼꼼하게 관리할 수..."
https://kr.indeed.com/viewjob?jk=246df17cfbfbf3b9,Cloud Engineer,,,"developing in one or more programming languages, e.g. Python, Java, JavaScript/Vue.js, etc. * Experienced in Cloud platform..."
https://kr.indeed.com/viewjob?jk=872035f47cfd4850,자산운용팀 전략/리스크팀 퀀트(겨울방학 인턴),,,공자의 경우 관련 과목 12학점 이상 이수 - Microsoft 엑셀 능숙자 선택 사항 (평가 가산점) - Python 또는 VBA 등 코딩 Skill 보유 - 관련 업종에서 2개월 이상 인턴쉽 또는 근무 경력 보유 - 관련...
https://kr.indeed.com/viewjob?jk=cda94f202f9ca369,슈어소프트테크(주) 2022년 상반기 경력직 대규모,,,통신·모바일·게임>웹프로그래머> Python|인터넷·IT·통신·모바일·게임... 용프로그래머>자바스크립트|인터넷·IT·통신·모바일·게임>응용프로그래머> Python|인터넷·IT·통신·모바일·게임>응용프로그래머>가상현실(VR)|인터넷...
https://kr.indeed.com/viewjob?jk=b40a09bb26c18930,"S/W개발자, H/W개발자, 기구설계 전문가",,"연봉 30,000,000원 - 100,000,000원","집부문 담당업무 자격요건 인원 S/W개발자H/W개발자기구설계직 [담당업무][S/W 개발]- C, C++, Python 프로그래밍 가능- 영상 처리, 컴퓨터 비전, 머신러닝, 비디오 스트리밍 관련 개발 경력 보유- OpenCV..."
https://kr.indeed.com/viewjob?jk=ac9068957c550cb3,데이터 전문가(모델러/분석가/엔지니어) 모집,,,대용량 데이터를 효율적으로 사용하기 위한 기반 데이터 가공 지원자격 데이터 사이언스를 위한 언어(R/ Python/Scala) 및 도구(scikit-learn/Spark MLlib/Tensorflow/Pytorch 등)를...
https://kr.indeed.com/viewjob?jk=a7bceae6e801c9ce,"[대기업] 딥러닝 (AI, 영상인식) 전문가 (석박사급)",,,공지능)>딥러닝|인터넷·IT·통신·모바일·게임>빅데이터·AI(인공지능)> Python|인터넷·IT·통신·모바일·게임>빅데이터·AI(인공지능)>데이터분석... 통신·모바일·게임>응용프로그래머> Python|인터넷·IT·통신·모바일·게임...
https://kr.indeed.com/viewjob?jk=c46b8f31577254d3,"Python,R,DataAnalysis,머신러닝,빅데이터 인턴 신입/경력",,"연봉 40,000,000원 - 50,000,000원","근무조건 정규직 급여 4000~5000만원 주 5일 | 오전 9시~오후 6시 서울 마포구 지하철 서울5호선 공덕역 지원자격 신입, 경력 무관, 경력무관 대학교(4년) 기업정보 2017년 설립(업력 6년) 사원 46명..."
https://kr.indeed.com/viewjob?jk=97efff58b678b627,"Lead Software Engineer, Tensorflow Extended",,,"including... limited to: Java, C/C++, C#, Objective C, Python, JavaScript, or Go. Ability to speak and write in English..."
https://kr.indeed.com/viewjob?jk=abdc136f65ceddd4,AI 분야,,,"무를 경험하면서 조직과 함께 성장하고 싶으신 마인드를 보유하신 분 - Python 및 PyTorch, Tensorflow 등과 같은 딥러닝 프레임워크... 경력자 가능 - C/C++, Python, 딥러닝 프레임워크(PyTorch..."
https://kr.indeed.com/viewjob?jk=0b005509f403b27a,데이터분석가 - Global Leading Consulting Firm,,,모바일·게임>빅데이터·AI(인공지능)>데이터분석|인터넷·IT·통신·모바일·게임>빅데이터·AI(인공지능)> Python|인터넷·IT·통신·모바일·게임>빅데이터·AI(인공지능)>인공지능(AI)|마케팅·광고·홍보·조사>조사·분석...
https://kr.indeed.com/viewjob?jk=e91b5984e7f5d3fd,"데이터베이스개발자, 웹개발 신입/경력 정규직",,"연봉 36,000,000원 - 60,000,000원","개발자 ㆍCss/html 등 웹디자인 관련 유경험자 ㆍ자바스크립트, Python, C++, 닷넷 등 ㆍNode, Selenium, electron... 관련 유경험자ㆍ자바스크립트, Python, C++, 닷넷 등 ㆍNode..."
https://kr.indeed.com/viewjob?jk=0699e6dbb5a0ec38,Software Engineer,,,"skills with co-worker Good Programming Skills in C#, C, Python Embedded FW development Generate GUI (Graphic User..."
https://kr.indeed.com/viewjob?jk=cb973769974700e0,"Software Engineer, Android Connectivity",,,"one or more... following languages: C, C++, Java, or Python. Preferred qualifications: 5 years of experience in Android..."
https://kr.indeed.com/viewjob?jk=a0eabf1d7fee2929,System Engineer,,,분석·설계>시스템엔지니어|인터넷·IT·통신·모바일·게임>응용프로그래머>Linux|인터넷·IT·통신·모바일·게임>응용프로그래머> Python|인터넷·IT·통신·모바일·게임>네트워크·서버·보안>UNIX·LINUX계열 서버운영·관리
https://kr.indeed.com/viewjob?jk=5ea9ea023c6ccc03,"S/W 엔지니어, 데이터분석 신입/경력 정규직, 인턴",,,"케이션 제작 및 유지보수 업무- Python, Golang, QT 중 선택... 2. 시스템프로그래머- Python, Golang, QT 중 선택 가능3. 영상데이터 분석 및 모델링- python기반 영상데이터 분석 및 모델링..."
https://kr.indeed.com/viewjob?jk=fec4edf6cc7fd9c7,2022년 3월 IT/경영전략·지원/환경안전/CFO/CHO 신입사원 수시,,,"이터 분석 및 알고리즘 관련 경험( Python) [주요수행업무] - AWS... 데이터 파이프라인 등 다양한 파이프라인 설계 및 구축 [필수사항] - Python, SQL 등 개발에 필요한 Programming 언어 능숙히 사용..."
